{
    "loss": 16.568302154541016,
    "accuracy": 0.48201438784599304
}