{
    "loss": 1.6901658773422241,
    "accuracy": 0.8705036044120789
}