{
    "loss": 6.873549461364746,
    "accuracy": 0.5035971403121948
}