{
    "loss": 13.48757553100586,
    "accuracy": 0.5395683646202087
}